date,ticker,name,entry_price,signal,signal_score,has_squeeze,has_houyi,has_whale,close_above_ma20,ma20_slope,ma20_converging,volume_expansion,volume_expansion_ratio,rs_ratio,rs_slope_5d,rs_new_high_60,ranking_score,experimental_score,rs_component_score,ranking_score_version,feature_schema_version,feature_schema_date,scan_id,rank_position_v1,ranking_percentile_v1,rank_position_v2,ranking_percentile_v2,return_5d,return_10d,return_14d,return_20d,max_favorable_excursion_14d,max_adverse_excursion_14d,hit_5pct_14d,days_to_peak_14d,drawdown_before_hit_5pct,hit_5pct_before_minus_5pct,current_price,return_pct,strategy_return_pct,days_tracked,last_updated,status,type,pattern,momentum,prev_momentum,energy_level,squeeze_on,fired,market_regime,benchmark_ticker,value_score,benchmark_symbol,benchmark_period,benchmark_source,benchmark_last_date,stop_loss_rule,stop_loss_threshold,stop_loss_triggered,stop_loss_message,stop_loss_ma_window,stop_loss_ticks,stop_loss_tick_size
2026-10-06,ACGL,Arch Capital Group,94.36000061035156,賣出 (動能轉弱),0.0,True,False,False,False,-0.18699989318847088,True,False,0.5584388838585644,0.12178155018407122,-1.1870944650096749,False,0.0,0.0,0.0,v1,phase6a,2026-07-12,scan_20261007_001513,64.0,0.4056603773584906,69.0,0.3584905660377358,,,,,,,False,,,,94.36000061035156,0.0,0.0,0,2026-10-06,tracking,sell,squeeze,-2.7249972025553384,-2.5783309936523433,0,True,False,bull_trend,SPY,,SPY,2y,yfinance,2026-10-06,,,False,,,0,0.01
2026-10-06,CAT,Caterpillar Inc.,848.1400146484375,強烈買入 (爆發),3.0,False,False,False,True,1.7100006103515852,False,False,0.984804696029697,1.0946142972544302,0.9093840901578832,False,3.0,4.0,1.0,v1,phase6a,2026-07-12,scan_20261007_001513,1.0,1.0,2.0,0.9905660377358492,,,,,,,False,,,,848.1400146484375,0.0,0.0,0,2026-10-06,tracking,buy,squeeze,34.14833577473958,26.890004475911457,0,False,True,bull_trend,SPY,,SPY,2y,yfinance,2026-10-06,,,False,,,0,0.01
2026-10-06,COST,Costco,923.52001953125,強烈買入 (爆發),3.0,False,False,False,True,0.3890014648437727,False,False,0.8148582469655649,1.191900157662794,0.0737036248403821,False,3.0,4.0,1.0,v1,phase6a,2026-07-12,scan_20261007_001513,2.0,0.9905660377358492,3.0,0.981132075471698,,,,,,,False,,,,923.52001953125,0.0,0.0,0,2026-10-06,tracking,buy,squeeze,16.980021158854164,15.410024007161455,0,False,True,bull_trend,SPY,,SPY,2y,yfinance,2026-10-06,,,False,,,0,0.01
2026-10-06,CTAS,Cintas,195.39999389648438,賣出 (動能轉弱),1.0,True,True,False,False,-0.2535003662109432,True,False,0.6321026902339405,0.2521843366760366,-0.9228179145139848,False,1.0,1.0,0.0,v1,phase6a,2026-07-12,scan_20261007_001513,31.0,0.7169811320754716,37.0,0.660377358490566,,,,,,,False,,,,195.39999389648438,0.0,0.0,0,2026-10-06,tracking,sell,squeeze,-3.2883351643880205,-2.883331298828125,0,True,False,bull_trend,SPY,,SPY,2y,yfinance,2026-10-06,,,False,,,0,0.01
2026-10-06,DELL,Dell Technologies,552.2899780273438,賣出 (動能轉弱),0.0,True,False,False,True,1.407498168945267,False,False,0.5127638790672872,0.7127885676159913,0.9519180737164401,False,0.0,1.0,1.0,v1,phase6a,2026-07-12,scan_20261007_001513,75.0,0.3018867924528302,67.0,0.37735849056603776,,,,,,,False,,,,552.2899780273438,0.0,0.0,0,2026-10-06,tracking,sell,squeeze,-4.311665852864583,6.313344319661459,0,True,False,bull_trend,SPY,,SPY,2y,yfinance,2026-10-06,,,False,,,0,0.01
2026-10-06,DG,Dollar General,119.31999969482422,賣出 (動能轉弱),0.0,True,False,False,False,-0.6945003509521541,False,False,0.7169167903197868,0.15399506609588245,-1.56237647551295,False,0.0,0.0,0.0,v1,phase6a,2026-07-12,scan_20261007_001513,76.0,0.29245283018867924,79.0,0.2641509433962264,,,,,,,False,,,,119.31999969482422,0.0,0.0,0,2026-10-06,tracking,sell,squeeze,-4.269997914632161,-3.286665598551432,0,True,False,bull_trend,SPY,,SPY,2y,yfinance,2026-10-06,,,False,,,0,0.01
2026-10-06,EG,Everest Group,366.80999755859375,賣出 (動能轉弱),1.0,True,True,False,False,-0.6000152587890284,True,False,0.7667563991422184,0.473407056345445,-0.711936317725459,False,1.0,1.0,0.0,v1,phase6a,2026-07-12,scan_20261007_001513,33.0,0.6981132075471698,39.0,0.6415094339622641,,,,,,,False,,,,366.80999755859375,0.0,0.0,0,2026-10-06,tracking,sell,squeeze,-8.689997355143229,-6.044998168945312,0,True,False,bull_trend,SPY,,SPY,2y,yfinance,2026-10-06,,,False,,,0,0.01
2026-10-06,EME,Emcor,779.2000122070312,買入 (動能增強),2.0,True,False,False,True,1.2520019531249318,False,False,1.0882183038538773,1.0056399404008645,0.6028376226005827,False,2.0,3.0,1.0,v1,phase6a,2026-07-12,scan_20261007_001513,13.0,0.8867924528301887,10.0,0.9150943396226416,,,,,,,False,,,,779.2000122070312,0.0,0.0,0,2026-10-06,tracking,buy,squeeze,22.325002034505207,15.321675618489582,0,True,False,bull_trend,SPY,,SPY,2y,yfinance,2026-10-06,,,False,,,0,0.01
2026-10-06,FERG,Ferguson Enterprises,222.92999267578125,買入 (動能增強),2.0,True,False,False,True,-0.2740005493164119,False,False,0.9085054669593458,0.2877147087216316,-0.1987721705837608,False,2.0,2.0,0.0,v1,phase6a,2026-07-12,scan_20261007_001513,16.0,0.8584905660377359,22.0,0.8018867924528302,,,,,,,False,,,,222.92999267578125,0.0,0.0,0,2026-10-06,tracking,buy,squeeze,5.333333333333333,3.8083343505859375,0,True,False,bull_trend,SPY,,SPY,2y,yfinance,2026-10-06,,,False,,,0,0.01
2026-10-06,FIX,Comfort Systems USA,1713.0699462890625,買入 (動能增強),2.0,True,False,False,True,5.136499023437409,False,False,0.8203137531680087,2.2108977562886896,1.3630756052752655,False,2.0,3.0,1.0,v1,phase6a,2026-07-12,scan_20261007_001513,17.0,0.8490566037735849,12.0,0.8962264150943396,,,,,,,False,,,,1713.0699462890625,0.0,0.0,0,2026-10-06,tracking,buy,squeeze,83.54833984375,67.65834554036458,0,True,False,bull_trend,SPY,,SPY,2y,yfinance,2026-10-06,,,False,,,0,0.01
2026-10-06,FLEX,Flex Ltd.,116.76000213623048,買入 (動能增強),2.0,True,False,False,True,0.3625000000000113,False,False,0.8300785140495052,0.1506911187756576,0.6127260291262981,False,2.0,3.0,1.0,v1,phase6a,2026-07-12,scan_20261007_001513,18.0,0.839622641509434,13.0,0.8867924528301887,,,,,,,False,,,,116.76000213623048,0.0,0.0,0,2026-10-06,tracking,buy,squeeze,4.330000559488932,3.373332977294922,0,True,False,bull_trend,SPY,,SPY,2y,yfinance,2026-10-06,,,False,,,0,0.01
2026-10-06,GDDY,GoDaddy,99.73999786376953,賣出 (動能轉弱),1.0,True,True,False,True,-0.07849998474121378,True,False,0.5780602232705628,0.12872500505127488,-0.6116381034389939,False,1.0,2.0,1.0,v1,phase6a,2026-07-12,scan_20261007_001513,36.0,0.6698113207547169,27.0,0.7547169811320755,,,,,,,False,,,,99.73999786376953,0.0,0.0,0,2026-10-06,tracking,sell,squeeze,-3.5533332824707027,-3.2283325195312496,0,True,False,bull_trend,SPY,,SPY,2y,yfinance,2026-10-06,,,False,,,0,0.01
2026-10-06,IDXX,Idexx Laboratories,527.0700073242188,買入 (動能增強),2.0,True,False,False,True,-0.415499877929733,True,False,1.2060949884285337,0.6802395308635849,-0.195779216079539,False,2.0,2.0,0.0,v1,phase6a,2026-07-12,scan_20261007_001513,21.0,0.8113207547169812,24.0,0.7830188679245284,,,,,,,False,,,,527.0700073242188,0.0,0.0,0,2026-10-06,tracking,buy,squeeze,16.046666463216145,13.299997965494793,0,True,False,bull_trend,SPY,,SPY,2y,yfinance,2026-10-06,,,False,,,0,0.01
2026-10-06,NOW,ServiceNow,136.0800018310547,賣出 (動能轉弱),0.0,True,False,False,True,-0.25899963378907387,True,False,0.6765123453725842,0.1756256195935112,-0.41345685693495726,False,0.0,0.0,0.0,v1,phase6a,2026-07-12,scan_20261007_001513,91.0,0.1509433962264151,91.0,0.1509433962264151,,,,,,,False,,,,136.0800018310547,0.0,0.0,0,2026-10-06,tracking,sell,squeeze,-3.7700017293294263,-2.620002746582031,0,True,False,bull_trend,SPY,,SPY,2y,yfinance,2026-10-06,,,False,,,0,0.01
2026-10-06,NVR,"NVR, Inc.",5970.2099609375,賣出 (動能轉弱),0.0,True,False,False,False,-16.4320068359375,True,False,1.3010803193987788,7.705186723871123,-1.2475499847493077,False,0.0,0.0,0.0,v1,phase6a,2026-07-12,scan_20261007_001513,92.0,0.14150943396226415,92.0,0.14150943396226415,,,,,,,False,,,,5970.2099609375,0.0,0.0,0,2026-10-06,tracking,sell,squeeze,-81.22664388020833,-17.506591796875004,0,True,False,bull_trend,SPY,,SPY,2y,yfinance,2026-10-06,,,False,,,0,0.01
2026-10-06,RMD,ResMed|,222.86000061035156,賣出 (動能轉弱),0.0,True,False,False,True,-0.2745002746582088,True,False,0.7917396380618797,0.2876243765663383,-0.6589770536234663,False,0.0,0.0,0.0,v1,phase6a,2026-07-12,scan_20261007_001513,97.0,0.09433962264150944,97.0,0.09433962264150944,,,,,,,False,,,,222.86000061035156,0.0,0.0,0,2026-10-06,tracking,sell,squeeze,-3.0033340454101562,-1.7350006103515623,0,True,False,bull_trend,SPY,,SPY,2y,yfinance,2026-10-06,,,False,,,0,0.01
2026-10-06,URI,United Rentals,1074.280029296875,強烈買入 (爆發),3.0,False,False,False,True,3.221002197265648,False,False,0.840240808000398,1.386471878479521,0.4260744485125478,False,3.0,4.0,1.0,v1,phase6a,2026-07-12,scan_20261007_001513,6.0,0.9528301886792452,4.0,0.9716981132075472,,,,,,,False,,,,1074.280029296875,0.0,0.0,0,2026-10-06,tracking,buy,squeeze,46.46001180013021,37.55001831054688,0,False,True,bull_trend,SPY,,SPY,2y,yfinance,2026-10-06,,,False,,,0,0.01
2026-10-06,VLO,Valero Energy,419.3299865722656,買入 (動能增強),2.0,True,False,False,True,2.4304992675781136,False,False,0.6451344124709322,0.5411896510504486,2.228902594000304,False,2.0,4.0,2.0,v1,phase6a,2026-07-12,scan_20261007_001513,24.0,0.7830188679245284,7.0,0.9433962264150944,,,,,,,False,,,,419.3299865722656,0.0,0.0,0,2026-10-06,tracking,buy,squeeze,4.556655883789063,3.128321329752604,0,True,False,bull_trend,SPY,,SPY,2y,yfinance,2026-10-06,,,False,,,0,0.01
2026-10-06,WELL,Welltower,224.16000366210938,賣出 (動能轉弱),1.0,True,True,False,False,-0.6004997253418196,True,False,0.9215440217790077,0.28930216785356855,-1.1062692825223097,False,1.0,1.0,0.0,v1,phase6a,2026-07-12,scan_20261007_001513,62.0,0.42452830188679247,65.0,0.39622641509433965,,,,,,,False,,,,224.16000366210938,0.0,0.0,0,2026-10-06,tracking,sell,squeeze,-5.024996439615885,-4.4299977620442705,0,True,False,bull_trend,SPY,,SPY,2y,yfinance,2026-10-06,,,False,,,0,0.01
2026-10-06,WSM,"Williams-Sonoma, Inc.",238.6999969482422,強烈買入 (爆發),3.0,False,False,False,True,0.5639999389648551,False,False,1.038085579267635,0.308067565380039,0.6077569382147541,False,3.0,4.0,1.0,v1,phase6a,2026-07-12,scan_20261007_001513,7.0,0.9433962264150944,5.0,0.9622641509433962,,,,,,,False,,,,238.6999969482422,0.0,0.0,0,2026-10-06,tracking,buy,squeeze,9.221669514973955,6.655001322428385,0,False,True,bull_trend,SPY,,SPY,2y,yfinance,2026-10-06,,,False,,,0,0.01
2026-10-05,ACGL,Arch Capital Group,94.36000061035156,賣出 (動能轉弱),0.0,True,False,False,False,-0.1869998931884708,True,False,0.5584388838585644,0.1217815501840712,-1.187094464998295,False,0.0,0.0,0.0,v1,phase6a,2026-07-12,scan_20261006_013742,64.0,0.4056603773584906,69.0,0.3584905660377358,,,,,,,False,,,0.0,94.36000061035156,0.0,-0.0,1,2026-10-06,tracking,sell,squeeze,-2.7249972025553384,-2.578330993652344,0,True,False,bull_trend,SPY,,SPY,2y,yfinance,2026-10-05,,,False,,,0,0.01
2026-10-05,CAT,Caterpillar Inc.,848.1400146484375,強烈買入 (爆發),3.0,False,False,False,True,1.7100006103515852,False,False,0.984804696029697,1.0946142972544302,0.9093840901683858,False,3.0,4.0,1.0,v1,phase6a,2026-07-12,scan_20261006_013742,1.0,1.0,2.0,0.9905660377358492,,,,,,,False,,,0.0,848.1400146484375,0.0,0.0,1,2026-10-06,tracking,buy,squeeze,34.14833577473958,26.890004475911457,0,False,True,bull_trend,SPY,,SPY,2y,yfinance,2026-10-05,,,False,,,0,0.01
2026-10-05,COST,Costco,923.52001953125,強烈買入 (爆發),3.0,False,False,False,True,0.3890014648437727,False,False,0.8148582469655649,1.191900157662794,0.0737036248704248,False,3.0,4.0,1.0,v1,phase6a,2026-07-12,scan_20261006_013742,2.0,0.9905660377358492,3.0,0.981132075471698,,,,,,,False,,,0.0,923.52001953125,0.0,0.0,1,2026-10-06,tracking,buy,squeeze,16.980021158854164,15.410024007161455,0,False,True,bull_trend,SPY,,SPY,2y,yfinance,2026-10-05,,,False,,,0,0.01
2026-10-05,CTAS,Cintas,195.3999938964844,賣出 (動能轉弱),1.0,True,True,False,False,-0.2535003662109432,True,False,0.6321026902339405,0.2521843366760366,-0.9228179145106984,False,1.0,1.0,0.0,v1,phase6a,2026-07-12,scan_20261006_013742,31.0,0.7169811320754716,37.0,0.660377358490566,,,,,,,False,,,0.0,195.3999938964844,-1.4545399344004463e-14,1.4545399344004463e-14,1,2026-10-06,tracking,sell,squeeze,-3.2883351643880205,-2.883331298828125,0,True,False,bull_trend,SPY,,SPY,2y,yfinance,2026-10-05,,,False,,,0,0.01
2026-10-05,DELL,Dell Technologies,552.2899780273438,賣出 (動能轉弱),0.0,True,False,False,True,1.407498168945267,False,False,0.510718585492092,0.7127885676159913,0.9519180737228794,False,0.0,1.0,1.0,v1,phase6a,2026-07-12,scan_20261006_013742,75.0,0.3018867924528302,67.0,0.3773584905660377,,,,,,,False,,,0.0,552.2899780273438,0.0,-0.0,1,2026-10-06,tracking,sell,squeeze,-4.311665852864583,6.313344319661459,0,True,False,bull_trend,SPY,,SPY,2y,yfinance,2026-10-05,,,False,,,0,0.01
